ano;cd_ops;trimestre;receita;despesa;benef;modalidade;port_ops;contratacao
2018;306045;2018Q1;1048644,1;628965,83;1311,0;Filantropia;Pequeno;Individual
2018;306045;2018Q2;1045347,82;668210,17;1304,0;Filantropia;Pequeno;Individual
2018;306045;2018Q3;1041977,76;669909,95;1295,0;Filantropia;Pequeno;Individual
2018;306045;2018Q4;1051753,51;688888,16;1294,0;Filantropia;Pequeno;Individual
2019;306045;2019Q1;1063503,32;760868,79;1280,0;Filantropia;Pequeno;Individual
2019;306045;2019Q2;1066334,61;772056,93;1280,0;Filantropia;Pequeno;Individual
2019;306045;2019Q3;1073830,35;1097114,74;1253,0;Filantropia;Pequeno;Individual
2019;306045;2019Q4;1110134,7;1060790,72;1228,0;Filantropia;Pequeno;Individual
2020;306045;2020Q1;1086051,11;890211,81;1202,0;Filantropia;Pequeno;Individual
2020;306045;2020Q2;1076464,9;620801,66;1188,0;Filantropia;Pequeno;Individual
2020;306045;2020Q3;1064198,12;675368,43;1162,0;Filantropia;Pequeno;Individual
2020;306045;2020Q4;1085889,08;660501,54;1175,0;Filantropia;Pequeno;Individual
2021;306045;2021Q1;1225591,7;474774,46;1181,0;Filantropia;Pequeno;Individual
2021;306045;2021Q2;1229964,23;792449,33;1178,0;Filantropia;Pequeno;Individual
2021;306045;2021Q3;1219122,53;650235,0;1181,0;Filantropia;Pequeno;Individual
2021;306045;2021Q4;1172764,87;892790,67;1176,0;Filantropia;Pequeno;Individual
2018;314218;2018Q1;57109169,89;44576970,09;50301,0;Filantropia;Grande;Individual
2018;314218;2018Q2;58775352,21;48196639,38;52281,0;Filantropia;Grande;Individual
2018;314218;2018Q3;62207502,86;48608952,73;54994,0;Filantropia;Grande;Individual
2018;314218;2018Q4;65471705,42;49564445,14;57073,0;Filantropia;Grande;Individual
2019;314218;2019Q1;67231523,11;51266912,52;58902,0;Filantropia;Grande;Individual
2019;314218;2019Q2;70025353,12;55982675,38;61711,0;Filantropia;Grande;Individual
2019;314218;2019Q3;72751785,43;60668711,09;63930,0;Filantropia;Grande;Individual
2019;314218;2019Q4;76730323,56;63943571,02;67487,0;Filantropia;Grande;Individual
2020;314218;2020Q1;79223825,17;63751749,49;73296,0;Filantropia;Grande;Individual
2020;314218;2020Q2;84263427,51;48490186,68;79517,0;Filantropia;Grande;Individual
2020;314218;2020Q3;90164755,86;68864789,91;88219,0;Filantropia;Grande;Individual
2020;314218;2020Q4;101663967,7;76484833,71;94174,0;Filantropia;Grande;Individual
2021;314218;2021Q1;106887709,1;82434082,11;96237,0;Filantropia;Grande;Individual
2021;314218;2021Q2;115070564,9;90317237,65;95444,0;Filantropia;Grande;Individual
2021;314218;2021Q3;112962459,0;100558122,6;96886,0;Filantropia;Grande;Individual
2021;314218;2021Q4;112407588,1;98745326,65;98033,0;Filantropia;Grande;Individual
2018;314706;2018Q1;2276301,89;723366,26;5084,0;Filantropia;Pequeno;Individual
2018;314706;2018Q2;2343249,75;1136323,92;5121,0;Filantropia;Pequeno;Individual
2018;314706;2018Q3;2452367,32;730037,23;5168,0;Filantropia;Pequeno;Individual
2018;314706;2018Q4;2557588,44;896196,32;5200,0;Filantropia;Pequeno;Individual
2019;314706;2019Q1;2615965,18;670131,86;5198,0;Filantropia;Pequeno;Individual
2019;314706;2019Q2;2620191,45;1052702,82;5139,0;Filantropia;Pequeno;Individual
2019;314706;2019Q3;2694536,97;1226774,28;5118,0;Filantropia;Pequeno;Individual
2019;314706;2019Q4;2770975,41;1088651,34;5088,0;Filantropia;Pequeno;Individual
2020;314706;2020Q1;2777819,81;900684,7;5032,0;Filantropia;Pequeno;Individual
2020;314706;2020Q2;2744515,38;827445,13;4976,0;Filantropia;Pequeno;Individual
2020;314706;2020Q3;2768800,07;883945,16;4998,0;Filantropia;Pequeno;Individual
2020;314706;2020Q4;2928822,97;1225103,56;5005,0;Filantropia;Pequeno;Individual
2021;314706;2021Q1;2987612,23;1326048,85;4860,0;Filantropia;Pequeno;Individual
2021;314706;2021Q2;2930140,04;1207844,93;4779,0;Filantropia;Pequeno;Individual
2021;314706;2021Q3;2863199,33;1087937,0;4726,0;Filantropia;Pequeno;Individual
2021;314706;2021Q4;2767427,59;1152422,38;4655,0;Filantropia;Pequeno;Individual
2018;318299;2018Q1;23890718,46;17904585,04;38023,0;Filantropia;Médio;Individual
2018;318299;2018Q2;24338193,05;19931925,32;37801,0;Filantropia;Médio;Individual
2018;318299;2018Q3;22536288,68;22152266,35;36971,0;Filantropia;Médio;Individual
2018;318299;2018Q4;23773526,62;21746371,48;36332,0;Filantropia;Médio;Individual
2019;318299;2019Q1;25273475,99;19598633,56;35938,0;Filantropia;Médio;Individual
2019;318299;2019Q2;25601426,88;20554611,83;35810,0;Filantropia;Médio;Individual
2019;318299;2019Q3;26164786,2;22876378,63;35809,0;Filantropia;Médio;Individual
2019;318299;2019Q4;26506605,17;23027119,39;35879,0;Filantropia;Médio;Individual
2020;318299;2020Q1;26750820,9;19619953,49;35859,0;Filantropia;Médio;Individual
2020;318299;2020Q2;26772538,26;14843082,74;35284,0;Filantropia;Médio;Individual
2020;318299;2020Q3;27073919,16;18820636,25;35793,0;Filantropia;Médio;Individual
2020;318299;2020Q4;28174210,48;20067457,29;36189,0;Filantropia;Médio;Individual
2021;318299;2021Q1;29370007,4;21077187,61;36151,0;Filantropia;Médio;Individual
2021;318299;2021Q2;29975687,35;23322233,32;36327,0;Filantropia;Médio;Individual
2021;318299;2021Q3;28786063,3;24380567,43;36481,0;Filantropia;Médio;Individual
2021;318299;2021Q4;28579675,55;27507096,42;36573,0;Filantropia;Médio;Individual
2018;319422;2018Q1;5923609,4;3065567,07;6870,0;Filantropia;Pequeno;Individual
2018;319422;2018Q2;6055184,94;3241912,21;6891,0;Filantropia;Pequeno;Individual
2018;319422;2018Q3;6256394,96;3239321,06;6914,0;Filantropia;Pequeno;Individual
2018;319422;2018Q4;6497607,77;3713474,2;6994,0;Filantropia;Pequeno;Individual
2019;319422;2019Q1;8581135,08;4943139,51;7065,0;Filantropia;Pequeno;Individual
2019;319422;2019Q2;8316612,99;5697600,56;7142,0;Filantropia;Pequeno;Individual
2019;319422;2019Q3;8442373,12;5608509,37;7077,0;Filantropia;Pequeno;Individual
2019;319422;2019Q4;8676804,5;5173072,85;7152,0;Filantropia;Pequeno;Individual
2020;319422;2020Q1;8717686,31;4994369,35;7235,0;Filantropia;Pequeno;Individual
2020;319422;2020Q2;8843912,94;3493439,3;7208,0;Filantropia;Pequeno;Individual
2020;319422;2020Q3;9067120,44;5066227,69;7529,0;Filantropia;Pequeno;Individual
2020;319422;2020Q4;9302405,86;6047692,53;7589,0;Filantropia;Pequeno;Individual
2021;319422;2021Q1;9952685,27;5779970,03;7661,0;Filantropia;Pequeno;Individual
2021;319422;2021Q2;10133477,19;7028122,13;7776,0;Filantropia;Pequeno;Individual
2021;319422;2021Q3;10071132,34;6990983,09;7852,0;Filantropia;Pequeno;Individual
2021;319422;2021Q4;9968367,25;7069142,06;8011,0;Filantropia;Pequeno;Individual
2018;321320;2018Q1;2018275,09;2136367,45;3197,0;Filantropia;Pequeno;Individual
2018;321320;2018Q2;2076159,93;2524748,39;3215,0;Filantropia;Pequeno;Individual
2018;321320;2018Q3;2216330,16;2151683,02;3182,0;Filantropia;Pequeno;Individual
2018;321320;2018Q4;2328563,6;1524581,41;3154,0;Filantropia;Pequeno;Individual
2019;321320;2019Q1;2192679,34;1723607,98;3097,0;Filantropia;Pequeno;Individual
2019;321320;2019Q2;2293936,05;1689663,11;3072,0;Filantropia;Pequeno;Individual
2019;321320;2019Q3;2291737,35;1591312,93;3052,0;Filantropia;Pequeno;Individual
2019;321320;2019Q4;2506257,19;1445681,66;3027,0;Filantropia;Pequeno;Individual
2020;321320;2020Q1;2367075,86;1591184,02;3019,0;Filantropia;Pequeno;Individual
2020;321320;2020Q2;2366092,78;1079987,55;3015,0;Filantropia;Pequeno;Individual
2020;321320;2020Q3;2424975,48;1463683,02;3012,0;Filantropia;Pequeno;Individual
2020;321320;2020Q4;2470995,74;2747837,59;2976,0;Filantropia;Pequeno;Individual
2021;321320;2021Q1;2564958,24;2131021,36;2951,0;Filantropia;Pequeno;Individual
2021;321320;2021Q2;2472089,19;1518951,15;2924,0;Filantropia;Pequeno;Individual
2021;321320;2021Q3;2562020,99;1274082,39;2945,0;Filantropia;Pequeno;Individual
2021;321320;2021Q4;2442459,5;1403188,27;2947,0;Filantropia;Pequeno;Individual
2018;321931;2018Q1;1293142,02;897763,68;1195,0;Filantropia;Pequeno;Individual
2018;321931;2018Q2;1321519,38;859314,42;1195,0;Filantropia;Pequeno;Individual
2018;321931;2018Q3;1400956,93;1175262,3;1251,0;Filantropia;Pequeno;Individual
2018;321931;2018Q4;1467789,12;893583,96;1260,0;Filantropia;Pequeno;Individual
2019;321931;2019Q1;1523240,4;879911,75;1306,0;Filantropia;Pequeno;Individual
2019;321931;2019Q2;1663717,47;1240997,18;1591,0;Filantropia;Pequeno;Individual
2019;321931;2019Q3;1894262,26;2146745,06;1906,0;Filantropia;Pequeno;Individual
2019;321931;2019Q4;2182304,02;1351151,1;2186,0;Filantropia;Pequeno;Individual
2020;321931;2020Q1;2361034,6;1502283,8;2304,0;Filantropia;Pequeno;Individual
2020;321931;2020Q2;2531405,56;2144591,52;2420,0;Filantropia;Pequeno;Individual
2020;321931;2020Q3;2629683,69;1454252,25;2474,0;Filantropia;Pequeno;Individual
2020;321931;2020Q4;2736977,75;2043834,63;2564,0;Filantropia;Pequeno;Individual
2021;321931;2021Q1;2938795,5;2267738,64;2602,0;Filantropia;Pequeno;Individual
2021;321931;2021Q2;3024091,17;2693639,68;2672,0;Filantropia;Pequeno;Individual
2021;321931;2021Q3;3307559,83;3304407,95;2840,0;Filantropia;Pequeno;Individual
2021;321931;2021Q4;3266491,43;3476003,62;3001,0;Filantropia;Pequeno;Individual
2018;322326;2018Q1;1251752,12;855048,62;2050,0;Filantropia;Médio;Individual
2018;322326;2018Q2;1477007,82;830592,62;2019,0;Filantropia;Médio;Individual
2018;322326;2018Q3;1397944,21;623024,65;1972,0;Filantropia;Médio;Individual
2018;322326;2018Q4;1393364,22;717130,04;1916,0;Filantropia;Médio;Individual
2019;322326;2019Q1;1373958,51;841956,57;1838,0;Filantropia;Médio;Individual
2019;322326;2019Q2;1379135,01;899141,27;1790,0;Filantropia;Médio;Individual
2019;322326;2019Q3;1338398,04;665174,92;1697,0;Filantropia;Médio;Individual
2019;322326;2019Q4;1325500,5;950509,27;1629,0;Filantropia;Médio;Individual
2020;322326;2020Q1;1291840,95;696054,32;1553,0;Filantropia;Médio;Individual
2020;322326;2020Q2;1266507,83;508362,37;1501,0;Filantropia;Médio;Individual
2020;322326;2020Q3;1260155,94;612649,42;1473,0;Filantropia;Médio;Individual
2020;322326;2020Q4;1164494,14;724240,09;1447,0;Filantropia;Médio;Individual
2021;322326;2021Q1;1308485,86;745518,02;1387,0;Filantropia;Médio;Individual
2021;322326;2021Q2;1296092,2;354279,33;1338,0;Filantropia;Médio;Individual
2021;322326;2021Q3;1260832,06;984131,74;1303,0;Filantropia;Médio;Individual
2021;322326;2021Q4;1257720,93;1066548,74;1267,0;Filantropia;Médio;Individual
2018;323942;2018Q1;6578331,56;3164418,81;8271,0;Filantropia;Pequeno;Individual
2018;323942;2018Q2;6928732,3;4352484,78;8642,0;Filantropia;Pequeno;Individual
2018;323942;2018Q3;7748566,9;4508857,17;8875,0;Filantropia;Pequeno;Individual
2018;323942;2018Q4;8128161,24;4867512,33;8855,0;Filantropia;Pequeno;Individual
2019;323942;2019Q1;8222245,46;4665771,03;8760,0;Filantropia;Pequeno;Individual
2019;323942;2019Q2;8295671,36;5793077,92;8661,0;Filantropia;Pequeno;Individual
2019;323942;2019Q3;8388056,44;4789521,0;8625,0;Filantropia;Pequeno;Individual
2019;323942;2019Q4;8789673,18;5341041,81;8466,0;Filantropia;Pequeno;Individual
2020;323942;2020Q1;8721033,23;4172601,53;8384,0;Filantropia;Pequeno;Individual
2020;323942;2020Q2;8720336,57;3079178,19;8295,0;Filantropia;Pequeno;Individual
2020;323942;2020Q3;8753306,29;4146986,96;8262,0;Filantropia;Pequeno;Individual
2020;323942;2020Q4;8895785,79;4613584,26;8226,0;Filantropia;Pequeno;Individual
2021;323942;2021Q1;8701852,58;4366115,07;8196,0;Filantropia;Pequeno;Individual
2021;323942;2021Q2;8671670,45;5822795,71;8136,0;Filantropia;Pequeno;Individual
2021;323942;2021Q3;8636752,51;5233537,6;8080,0;Filantropia;Pequeno;Individual
2021;323942;2021Q4;8324575,61;5848610,51;8059,0;Filantropia;Pequeno;Individual
2018;326755;2018Q1;18161665,76;10131132,11;26625,0;Filantropia;Médio;Individual
2018;326755;2018Q2;18623323,52;13346939,74;26772,0;Filantropia;Médio;Individual
2018;326755;2018Q3;19451722,9;13706163,87;27117,0;Filantropia;Médio;Individual
2019;326755;2019Q2;41282539,53;27922899,05;27248,0;Filantropia;Médio;Individual
2019;326755;2019Q3;21133391,5;17917949,93;27457,0;Filantropia;Médio;Individual
2019;326755;2019Q4;21927088,38;15731415,49;27252,0;Filantropia;Médio;Individual
2020;326755;2020Q1;22050122,95;16255120,88;27544,0;Filantropia;Médio;Individual
2020;326755;2020Q2;22599964,78;11080090,71;27394,0;Filantropia;Médio;Individual
2020;326755;2020Q3;22565946,18;12445528,72;26959,0;Filantropia;Médio;Individual
2020;326755;2020Q4;23952209,25;17080952,88;26635,0;Filantropia;Médio;Individual
2021;326755;2021Q1;22617543,82;13959330,29;26280,0;Filantropia;Médio;Individual
2021;326755;2021Q2;23239387,82;16858717,52;25689,0;Filantropia;Médio;Individual
2021;326755;2021Q3;22541043,85;15971411,4;25094,0;Filantropia;Médio;Individual
2021;326755;2021Q4;21153058,32;13970671,15;24798,0;Filantropia;Médio;Individual
2018;329355;2018Q1;158131,68;33876,69;164,0;Filantropia;Pequeno;Individual
2018;329355;2018Q2;154463,8;27406,61;156,0;Filantropia;Pequeno;Individual
2018;329355;2018Q3;160903,77;55187,32;175,0;Filantropia;Pequeno;Individual
2018;329355;2018Q4;175049,24;34870,88;190,0;Filantropia;Pequeno;Individual
2019;329355;2019Q1;184708,01;40215,43;195,0;Filantropia;Pequeno;Individual
2019;329355;2019Q2;188235,93;52381,39;214,0;Filantropia;Pequeno;Individual
2019;329355;2019Q3;206695,04;60789,83;247,0;Filantropia;Pequeno;Individual
2019;329355;2019Q4;219797,57;80347,59;274,0;Filantropia;Pequeno;Individual
2020;329355;2020Q1;239694,92;76191,98;303,0;Filantropia;Pequeno;Individual
2020;329355;2020Q2;243055,67;62850,27;314,0;Filantropia;Pequeno;Individual
2020;329355;2020Q3;264519,12;137628,5;359,0;Filantropia;Pequeno;Individual
2020;329355;2020Q4;268415,79;72310,61;379,0;Filantropia;Pequeno;Individual
2021;329355;2021Q1;296323,57;75253,72;396,0;Filantropia;Pequeno;Individual
2021;329355;2021Q2;321294,73;133242,17;432,0;Filantropia;Pequeno;Individual
2021;329355;2021Q3;339194,51;132259,75;483,0;Filantropia;Pequeno;Individual
2021;329355;2021Q4;359598,99;120427,76;535,0;Filantropia;Pequeno;Individual
2018;330116;2018Q1;1827912,67;1213021,64;2042,0;Filantropia;Pequeno;Individual
2018;330116;2018Q2;1880932,75;1506336,94;2113,0;Filantropia;Pequeno;Individual
2018;330116;2018Q3;1911598,9;1405635,6;2113,0;Filantropia;Pequeno;Individual
2018;330116;2018Q4;1964635,72;1613631,0;2141,0;Filantropia;Pequeno;Individual
2019;330116;2019Q1;1991786,12;1501302,39;2197,0;Filantropia;Pequeno;Individual
2019;330116;2019Q2;2012792,62;1642862,13;2208,0;Filantropia;Pequeno;Individual
2019;330116;2019Q3;2032717,05;1291638,78;2221,0;Filantropia;Pequeno;Individual
2019;330116;2019Q4;2090180,07;1219148,73;2219,0;Filantropia;Pequeno;Individual
2020;330116;2020Q1;2090332,84;1476286,02;2272,0;Filantropia;Pequeno;Individual
2020;330116;2020Q2;2105549,76;1097533,97;2247,0;Filantropia;Pequeno;Individual
2020;330116;2020Q3;2113839,08;960229,14;2306,0;Filantropia;Pequeno;Individual
2020;330116;2020Q4;2087706,1;1132313,56;2311,0;Filantropia;Pequeno;Individual
2021;330116;2021Q1;2216709,61;1247752,74;2370,0;Filantropia;Pequeno;Individual
2021;330116;2021Q2;2265396,55;1555216,31;2402,0;Filantropia;Pequeno;Individual
2021;330116;2021Q3;2245650,25;2051109,48;2415,0;Filantropia;Pequeno;Individual
2021;330116;2021Q4;2177342,89;1843594,96;2405,0;Filantropia;Pequeno;Individual
2018;333808;2018Q1;451845,6;817629,15;1344,0;Filantropia;Pequeno;Individual
2018;333808;2018Q2;1293570,18;1068421,05;1370,0;Filantropia;Pequeno;Individual
2018;333808;2018Q3;1316797,02;837772,04;1369,0;Filantropia;Pequeno;Individual
2018;333808;2018Q4;1375612,53;942334,33;1365,0;Filantropia;Pequeno;Individual
2019;333808;2019Q1;1412316,28;905073,74;1389,0;Filantropia;Pequeno;Individual
2019;333808;2019Q2;1502350,62;1124885,2;1439,0;Filantropia;Pequeno;Individual
2019;333808;2019Q3;1527597,49;1060859,44;1467,0;Filantropia;Pequeno;Individual
2019;333808;2019Q4;1567630,3;1195151,36;1446,0;Filantropia;Pequeno;Individual
2020;333808;2020Q1;1562196,7;1163196,61;1458,0;Filantropia;Pequeno;Individual
2020;333808;2020Q2;1582605,68;838371,5;1473,0;Filantropia;Pequeno;Individual
2020;333808;2020Q3;1596195,88;909812,73;1494,0;Filantropia;Pequeno;Individual
2020;333808;2020Q4;1598332,47;1087236,82;1503,0;Filantropia;Pequeno;Individual
2021;333808;2021Q1;1712471,56;1109982,02;1524,0;Filantropia;Pequeno;Individual
2021;333808;2021Q2;1789460,45;1263261,66;1544,0;Filantropia;Pequeno;Individual
2021;333808;2021Q3;1798834,07;1148951,7;1549,0;Filantropia;Pequeno;Individual
2021;333808;2021Q4;1783365,08;1401990,72;1550,0;Filantropia;Pequeno;Individual
2018;333875;2018Q1;3063771,84;1486528,68;3606,0;Filantropia;Pequeno;Individual
2018;333875;2018Q2;3107975,86;1782781,29;3626,0;Filantropia;Pequeno;Individual
2018;333875;2018Q3;3257412,05;2200743,7;3614,0;Filantropia;Pequeno;Individual
2018;333875;2018Q4;3362409,81;1951855,7;3600,0;Filantropia;Pequeno;Individual
2019;333875;2019Q1;3415801,69;2332077,21;3589,0;Filantropia;Pequeno;Individual
2019;333875;2019Q2;3475338,58;2093308,14;3595,0;Filantropia;Pequeno;Individual
2019;333875;2019Q3;3562667,39;2222857,05;3561,0;Filantropia;Pequeno;Individual
2019;333875;2019Q4;3641873,2;2361633,06;3563,0;Filantropia;Pequeno;Individual
2020;333875;2020Q1;3625482,1;2358485,7;3534,0;Filantropia;Pequeno;Individual
2020;333875;2020Q2;3629469,64;1777368,49;3523,0;Filantropia;Pequeno;Individual
2020;333875;2020Q3;3674594,07;2077214,49;3552,0;Filantropia;Pequeno;Individual
2020;333875;2020Q4;3675194,34;2743861,01;3472,0;Filantropia;Pequeno;Individual
2021;333875;2021Q1;3821334,37;2721501,09;3351,0;Filantropia;Pequeno;Individual
2021;333875;2021Q2;3772179,31;2473326,79;3257,0;Filantropia;Pequeno;Individual
2021;333875;2021Q3;3622926,45;2736372,59;3179,0;Filantropia;Pequeno;Individual
2021;333875;2021Q4;3476575,11;2748469,06;3128,0;Filantropia;Pequeno;Individual
2018;336831;2018Q1;10576283,23;9008875,1;14001,0;Filantropia;Médio;Individual
2018;336831;2018Q2;10646283,9;10178420,99;13568,0;Filantropia;Médio;Individual
2018;336831;2018Q3;10954994,59;10613442,16;13739,0;Filantropia;Médio;Individual
2018;336831;2018Q4;11300971,35;10424864,17;13870,0;Filantropia;Médio;Individual
2019;336831;2019Q1;11400369,99;9588601,52;14092,0;Filantropia;Médio;Individual
2019;336831;2019Q2;11621265,14;11086025,71;14246,0;Filantropia;Médio;Individual
2019;336831;2019Q3;11870791,96;11494163,74;14284,0;Filantropia;Médio;Individual
2019;336831;2019Q4;12278634,97;10870776,58;13966,0;Filantropia;Médio;Individual
2020;336831;2020Q1;12067876,22;10579067,62;13773,0;Filantropia;Médio;Individual
2020;336831;2020Q2;11986109,22;9193497,47;13555,0;Filantropia;Médio;Individual
2020;336831;2020Q3;11953395,24;9928233,08;13242,0;Filantropia;Médio;Individual
2020;336831;2020Q4;11959981,91;11409090,65;12990,0;Filantropia;Médio;Individual
2021;336831;2021Q1;12261181,52;10962170,76;12772,0;Filantropia;Médio;Individual
2021;336831;2021Q2;12467803,66;12828130,94;12621,0;Filantropia;Médio;Individual
2021;336831;2021Q3;12118505,84;12046038,58;12307,0;Filantropia;Médio;Individual
2021;336831;2021Q4;11713868,08;13025091,95;12323,0;Filantropia;Médio;Individual
2018;339954;2018Q1;9319051,47;5478904,61;10337,0;Filantropia;Grande;Individual
2018;339954;2018Q2;9473521,05;6258474,59;10409,0;Filantropia;Grande;Individual
2018;339954;2018Q3;9825459,02;6329474,76;10328,0;Filantropia;Grande;Individual
2018;339954;2018Q4;9906134,91;4781925,67;10353,0;Filantropia;Grande;Individual
2019;339954;2019Q1;10156266,41;6178537,67;10437,0;Filantropia;Grande;Individual
2019;339954;2019Q2;10405756,83;6709532,48;10756,0;Filantropia;Grande;Individual
2019;339954;2019Q3;10980409,52;6540545,18;10974,0;Filantropia;Grande;Individual
2019;339954;2019Q4;11358418,88;10003347,37;11200,0;Filantropia;Grande;Individual
2020;339954;2020Q1;11669247,15;7600021,82;11366,0;Filantropia;Grande;Individual
2020;339954;2020Q2;12051320,45;7080727,45;11723,0;Filantropia;Grande;Individual
2020;339954;2020Q3;12363680,62;8023705,49;12138,0;Filantropia;Grande;Individual
2020;339954;2020Q4;13668330,4;10890085,74;12568,0;Filantropia;Grande;Individual
2021;339954;2021Q1;13541278,21;10552173,34;12862,0;Filantropia;Grande;Individual
2021;339954;2021Q2;14202052,21;9041784,74;13233,0;Filantropia;Grande;Individual
2021;339954;2021Q3;14267526,15;10702722,03;13374,0;Filantropia;Grande;Individual
2021;339954;2021Q4;13007403,72;12633794,69;13679,0;Filantropia;Grande;Individual
2018;342556;2018Q1;20831981,76;15567508,78;20915,0;Filantropia;Médio;Individual
2018;342556;2018Q2;21125100,58;18140372,15;20666,0;Filantropia;Médio;Individual
2018;342556;2018Q3;22121937,08;17428452,96;20442,0;Filantropia;Médio;Individual
2018;342556;2018Q4;22140773,14;16969061,91;20326,0;Filantropia;Médio;Individual
2019;342556;2019Q1;22530656,44;15874418,6;20284,0;Filantropia;Médio;Individual
2019;342556;2019Q2;22884338,21;17565074,48;20260,0;Filantropia;Médio;Individual
2019;342556;2019Q3;23579560,59;18868898,87;20089,0;Filantropia;Médio;Individual
2019;342556;2019Q4;23846473,7;17455242,74;19983,0;Filantropia;Médio;Individual
2020;342556;2020Q1;23913847,43;15462312,56;20007,0;Filantropia;Médio;Individual
2020;342556;2020Q2;24129438,63;12779387,54;20005,0;Filantropia;Médio;Individual
2020;342556;2020Q3;24170530,17;17168417,23;19872,0;Filantropia;Médio;Individual
2020;342556;2020Q4;24004999,12;18488630,69;19865,0;Filantropia;Médio;Individual
2021;342556;2021Q1;25294169,36;15968159,23;19623,0;Filantropia;Médio;Individual
2021;342556;2021Q2;26173676,32;19099495,31;19371,0;Filantropia;Médio;Individual
2021;342556;2021Q4;49155851,22;40108766,69;19292,0;Filantropia;Médio;Individual
2018;342807;2018Q1;25289706,07;13742814,73;20678,0;Filantropia;Médio;Individual
2018;342807;2018Q2;25562806,0;13462363,66;20557,0;Filantropia;Médio;Individual
2018;342807;2018Q3;26254072,01;14146374,66;20295,0;Filantropia;Médio;Individual
2018;342807;2018Q4;26816302,08;14150979,36;20192,0;Filantropia;Médio;Individual
2019;342807;2019Q1;26796580,36;14441822,0;20087,0;Filantropia;Médio;Individual
2019;342807;2019Q2;26971890,05;16348748,68;20161,0;Filantropia;Médio;Individual
2019;342807;2019Q3;27245140,51;16031976,81;20097,0;Filantropia;Médio;Individual
2019;342807;2019Q4;28578333,74;14494738,43;20073,0;Filantropia;Médio;Individual
2020;342807;2020Q1;28371390,47;12865076,66;19975,0;Filantropia;Médio;Individual
2020;342807;2020Q2;28499502,15;7956901,1;19970,0;Filantropia;Médio;Individual
2020;342807;2020Q3;28637137,36;12665562,57;19986,0;Filantropia;Médio;Individual
2020;342807;2020Q4;30821682,32;14126426,13;20119,0;Filantropia;Médio;Individual
2021;342807;2021Q1;30139934,03;12572801,82;19820,0;Filantropia;Médio;Individual
2021;342807;2021Q2;30609535,46;15540432,45;19531,0;Filantropia;Médio;Individual
2021;342807;2021Q3;28988579,8;17515961,28;19172,0;Filantropia;Médio;Individual
2021;342807;2021Q4;27937930,51;16109523,95;19020,0;Filantropia;Médio;Individual
2018;344915;2018Q1;92634,12;27576,25;234,0;Filantropia;Pequeno;Individual
2018;344915;2018Q2;91940,26;32406,34;233,0;Filantropia;Pequeno;Individual
2018;344915;2018Q3;94358,94;32517,56;228,0;Filantropia;Pequeno;Individual
2018;344915;2018Q4;95772,61;32665,1;224,0;Filantropia;Pequeno;Individual
2019;344915;2019Q1;96033,74;28845,06;218,0;Filantropia;Pequeno;Individual
2019;344915;2019Q2;129756,35;32635,98;213,0;Filantropia;Pequeno;Individual
2019;344915;2019Q3;98648,82;32498,97;204,0;Filantropia;Pequeno;Individual
2019;344915;2019Q4;97511,24;156719,86;202,0;Filantropia;Pequeno;Individual
2020;344915;2020Q1;96458,51;23397,16;194,0;Filantropia;Pequeno;Individual
2020;344915;2020Q2;96710,02;18903,13;191,0;Filantropia;Pequeno;Individual
2020;344915;2020Q3;99048,36;36444,46;190,0;Filantropia;Pequeno;Individual
2020;344915;2020Q4;95316,05;41293,46;186,0;Filantropia;Pequeno;Individual
2021;344915;2021Q1;96528,62;29867,59;182,0;Filantropia;Pequeno;Individual
2021;344915;2021Q2;100149,62;25468,31;190,0;Filantropia;Pequeno;Individual
2021;344915;2021Q3;103876,05;39841,78;185,0;Filantropia;Pequeno;Individual
2021;344915;2021Q4;100397,69;41580,53;183,0;Filantropia;Pequeno;Individual
2018;345091;2018Q1;2162470,0;1308011,76;2939,0;Filantropia;Médio;Individual
2018;345091;2018Q2;2519733,58;1173525,39;2873,0;Filantropia;Médio;Individual
2018;345091;2018Q3;2606562,8;1480277,85;2878,0;Filantropia;Médio;Individual
2018;345091;2018Q4;2642503,18;1792667,49;2848,0;Filantropia;Médio;Individual
2019;345091;2019Q1;2694573,1;1683911,45;2828,0;Filantropia;Médio;Individual
2019;345091;2019Q2;1964954,33;1188721,43;2814,0;Filantropia;Médio;Individual
2019;345091;2019Q3;2809670,67;1316596,12;2777,0;Filantropia;Médio;Individual
2019;345091;2019Q4;2884293,08;1516124,68;2753,0;Filantropia;Médio;Individual
2020;345091;2020Q1;2765817,36;1451786,06;2739,0;Filantropia;Médio;Individual
2020;345091;2020Q2;2995332,91;605963,32;2732,0;Filantropia;Médio;Individual
2020;345091;2020Q3;3028450,51;1194068,04;2727,0;Filantropia;Médio;Individual
2020;345091;2020Q4;3570054,79;1383608,11;2723,0;Filantropia;Médio;Individual
2021;345091;2021Q1;2631092,73;1124540,3;2677,0;Filantropia;Médio;Individual
2021;345091;2021Q2;3337049,17;2038830,01;2646,0;Filantropia;Médio;Individual
2021;345091;2021Q3;3059710,73;1748423,07;2617,0;Filantropia;Médio;Individual
2021;345091;2021Q4;3165140,31;1359897,95;2607,0;Filantropia;Médio;Individual
2018;345741;2018Q1;1633693,15;1000601,69;2178,0;Filantropia;Pequeno;Individual
2018;345741;2018Q2;1710626,03;1018814,95;2244,0;Filantropia;Pequeno;Individual
2018;345741;2018Q3;1775597,87;936123,28;2314,0;Filantropia;Pequeno;Individual
2018;345741;2018Q4;1836093,81;957555,15;2315,0;Filantropia;Pequeno;Individual
2019;345741;2019Q1;1860018,04;1094854,79;2336,0;Filantropia;Pequeno;Individual
2019;345741;2019Q2;1914860,41;1137095,92;2410,0;Filantropia;Pequeno;Individual
2019;345741;2019Q3;1980999,65;1147503,64;2464,0;Filantropia;Pequeno;Individual
2019;345741;2019Q4;2146974,09;1130018,6;2472,0;Filantropia;Pequeno;Individual
2020;345741;2020Q1;2085448,47;1313278,37;2464,0;Filantropia;Pequeno;Individual
2020;345741;2020Q2;2085252,67;764169,51;2457,0;Filantropia;Pequeno;Individual
2020;345741;2020Q3;2134035,49;1057931,49;2489,0;Filantropia;Pequeno;Individual
2020;345741;2020Q4;2223169,69;1056095,69;2514,0;Filantropia;Pequeno;Individual
2021;345741;2021Q1;2316208,67;1033034,22;2518,0;Filantropia;Pequeno;Individual
2021;345741;2021Q2;2378297,44;1039568,34;2492,0;Filantropia;Pequeno;Individual
2021;345741;2021Q3;2345217,14;1013542,5;2441,0;Filantropia;Pequeno;Individual
2021;345741;2021Q4;2275186,1;1426330,98;2430,0;Filantropia;Pequeno;Individual
2018;347655;2018Q1;5087672,48;2642767,45;5283,0;Filantropia;Médio;Individual
2018;347655;2018Q2;5212218,93;3042496,02;5281,0;Filantropia;Médio;Individual
2018;347655;2018Q3;5336186,38;3121127,91;5263,0;Filantropia;Médio;Individual
2018;347655;2018Q4;5462054,75;2996464,77;5225,0;Filantropia;Médio;Individual
2019;347655;2019Q1;5494930,87;3023192,87;5173,0;Filantropia;Médio;Individual
2019;347655;2019Q2;5535350,82;3706528,57;5107,0;Filantropia;Médio;Individual
2019;347655;2019Q3;5572555,8;4327127,55;5105,0;Filantropia;Médio;Individual
2019;347655;2019Q4;5722146,56;3314956,94;5037,0;Filantropia;Médio;Individual
2020;347655;2020Q1;5650237,87;3170708,75;4966,0;Filantropia;Médio;Individual
2020;347655;2020Q2;5680778,89;2483051,84;4948,0;Filantropia;Médio;Individual
2020;347655;2020Q3;5714995,87;3079941,37;4895,0;Filantropia;Médio;Individual
2020;347655;2020Q4;5696762,52;3103982,63;4856,0;Filantropia;Médio;Individual
2021;347655;2021Q1;5965236,22;2985980,59;4791,0;Filantropia;Médio;Individual
2021;347655;2021Q2;6059290,64;3345489,4;4709,0;Filantropia;Médio;Individual
2021;347655;2021Q3;5965420,53;3330568,2;4655,0;Filantropia;Médio;Individual
2021;347655;2021Q4;5793518,01;3066984,28;4591,0;Filantropia;Médio;Individual
2018;353264;2018Q1;4867171,92;3934889,37;6935,0;Filantropia;Pequeno;Individual
2018;353264;2018Q2;4915380,04;5049088,8;6866,0;Filantropia;Pequeno;Individual
2018;353264;2018Q3;5088658,1;4842918,59;6797,0;Filantropia;Pequeno;Individual
2018;353264;2018Q4;5216231,0;4208629,46;6718,0;Filantropia;Pequeno;Individual
2019;353264;2019Q1;5249996,8;4198827,79;6672,0;Filantropia;Pequeno;Individual
2019;353264;2019Q2;5242480,72;4983412,57;6598,0;Filantropia;Pequeno;Individual
2019;353264;2019Q3;5315290,08;5171926,66;6505,0;Filantropia;Pequeno;Individual
2019;353264;2019Q4;5443114,44;4705952,78;6453,0;Filantropia;Pequeno;Individual
2020;353264;2020Q1;5477099,09;4293153,33;6386,0;Filantropia;Pequeno;Individual
2020;353264;2020Q2;5470973,82;3831138,17;6368,0;Filantropia;Pequeno;Individual
2020;353264;2020Q3;5473448,11;4078012,24;6352,0;Filantropia;Pequeno;Individual
2020;353264;2020Q4;5447424,76;4253089,62;6345,0;Filantropia;Pequeno;Individual
2021;353264;2021Q1;5829072,07;3919250,69;6274,0;Filantropia;Pequeno;Individual
2021;353264;2021Q2;3709686,44;4837480,69;6229,0;Filantropia;Pequeno;Individual
2021;353264;2021Q3;5890355,49;4732206,49;6146,0;Filantropia;Pequeno;Individual
2021;353264;2021Q4;6057886,24;5177125,21;6073,0;Filantropia;Pequeno;Individual
2018;354562;2018Q1;7920819,45;6193510,08;6137,0;Filantropia;Médio;Individual
2018;354562;2018Q2;7902414,7;6288911,12;5996,0;Filantropia;Médio;Individual
2018;354562;2018Q3;8174481,26;6532992,9;5861,0;Filantropia;Médio;Individual
2018;354562;2018Q4;8385543,31;5983079,44;5756,0;Filantropia;Médio;Individual
2019;354562;2019Q1;8390070,29;6693125,19;5647,0;Filantropia;Médio;Individual
2019;354562;2019Q2;8512180,17;6368660,05;5582,0;Filantropia;Médio;Individual
2019;354562;2019Q3;8647932,53;7205877,69;5488,0;Filantropia;Médio;Individual
2019;354562;2019Q4;9004134,98;6660640,01;5451,0;Filantropia;Médio;Individual
2020;354562;2020Q1;8908041,37;6090779,18;5396,0;Filantropia;Médio;Individual
2020;354562;2020Q2;8874140,18;4589479,86;5373,0;Filantropia;Médio;Individual
2020;354562;2020Q3;8872288,93;6548061,93;5384,0;Filantropia;Médio;Individual
2020;354562;2020Q4;10262687,73;6987148,27;5431,0;Filantropia;Médio;Individual
2021;354562;2021Q1;9644758,51;6852880,21;5504,0;Filantropia;Médio;Individual
2021;354562;2021Q2;9966688,48;7339573,95;5588,0;Filantropia;Médio;Individual
2021;354562;2021Q3;9928832,59;7681915,4;5689,0;Filantropia;Médio;Individual
2021;354562;2021Q4;9905451,1;6978973,02;5838,0;Filantropia;Médio;Individual
2018;406554;2018Q1;9391854,79;944952,3;11711,0;Filantropia;Pequeno;Individual
2018;406554;2018Q2;9612647,96;1374198,01;11657,0;Filantropia;Pequeno;Individual
2018;406554;2018Q3;9932100,86;1341733,53;11561,0;Filantropia;Pequeno;Individual
2018;406554;2018Q4;9965791,79;1706234,23;11358,0;Filantropia;Pequeno;Individual
2019;406554;2019Q1;9724185,66;2844643,24;10945,0;Filantropia;Pequeno;Individual
2019;406554;2019Q2;15443275,54;3906721,04;10820,0;Filantropia;Pequeno;Individual
2019;406554;2019Q3;12353528,24;4202069,62;10691,0;Filantropia;Pequeno;Individual
2019;406554;2019Q4;12986777,74;4378062,05;10400,0;Filantropia;Pequeno;Individual
2020;406554;2020Q1;12438922,49;4846310,4;10328,0;Filantropia;Pequeno;Individual
2020;406554;2020Q2;12503729,2;3914171,04;10253,0;Filantropia;Pequeno;Individual
2020;406554;2020Q3;12870074,59;5518842,22;10219,0;Filantropia;Pequeno;Individual
2020;406554;2020Q4;12728189,31;6649005,05;10189,0;Filantropia;Pequeno;Individual
2021;406554;2021Q1;13285242,58;8336209,22;10159,0;Filantropia;Pequeno;Individual
2021;406554;2021Q2;13477318,98;9772833,32;10124,0;Filantropia;Pequeno;Individual
2021;406554;2021Q3;13688049,63;9417449,45;10006,0;Filantropia;Pequeno;Individual
2021;406554;2021Q4;13212078,98;9897234,75;9981,0;Filantropia;Pequeno;Individual
2018;408522;2018Q1;136627,22;57580,53;185,0;Filantropia;Pequeno;Individual
2018;408522;2018Q2;142338,38;10510,05;185,0;Filantropia;Pequeno;Individual
2018;408522;2018Q3;143768,69;4421,03;184,0;Filantropia;Pequeno;Individual
2018;408522;2018Q4;146471,05;63424,93;182,0;Filantropia;Pequeno;Individual
2019;408522;2019Q1;146762,71;12243,1;179,0;Filantropia;Pequeno;Individual
2019;408522;2019Q2;150378,6;29854,31;172,0;Filantropia;Pequeno;Individual
2019;408522;2019Q3;147517,26;20134,32;169,0;Filantropia;Pequeno;Individual
2019;408522;2019Q4;149593,99;49166,25;171,0;Filantropia;Pequeno;Individual
2020;408522;2020Q1;149650,6;16088,9;166,0;Filantropia;Pequeno;Individual
2020;408522;2020Q2;148965,01;832,85;165,0;Filantropia;Pequeno;Individual
2020;408522;2020Q3;147257,14;107922,26;163,0;Filantropia;Pequeno;Individual
2020;408522;2020Q4;147500,76;48609,24;162,0;Filantropia;Pequeno;Individual
2021;408522;2021Q1;150885,58;0,0;163,0;Filantropia;Pequeno;Individual
2021;408522;2021Q2;156265,35;7531,23;160,0;Filantropia;Pequeno;Individual
2021;408522;2021Q3;155262,48;2920,03;161,0;Filantropia;Pequeno;Individual
2021;408522;2021Q4;151394,0;21797,9;161,0;Filantropia;Pequeno;Individual
2018;410292;2018Q1;13899678,53;4072547,25;8341,0;Filantropia;Médio;Individual
2018;410292;2018Q2;15242975,15;4725239,82;8419,0;Filantropia;Médio;Individual
2018;410292;2018Q3;15285238,26;4989144,71;8510,0;Filantropia;Médio;Individual
2018;410292;2018Q4;15697685,59;4595370,99;8549,0;Filantropia;Médio;Individual
2019;410292;2019Q1;16986783,6;5004497,93;8770,0;Filantropia;Médio;Individual
2019;410292;2019Q2;17283851,99;5638892,32;8761,0;Filantropia;Médio;Individual
2019;410292;2019Q3;17455862,84;5311393,71;8905,0;Filantropia;Médio;Individual
2019;410292;2019Q4;16946128,69;5177822,52;8942,0;Filantropia;Médio;Individual
2020;410292;2020Q1;9613319,67;5611640,83;8990,0;Filantropia;Médio;Individual
2020;410292;2020Q2;9859153,46;3779302,35;8768,0;Filantropia;Médio;Individual
2020;410292;2020Q3;9969469,31;4201031,01;8820,0;Filantropia;Médio;Individual
2020;410292;2020Q4;10044822,13;5518077,25;8851,0;Filantropia;Médio;Individual
2021;410292;2021Q1;10392701,45;5767421,43;8885,0;Filantropia;Médio;Individual
2021;410292;2021Q2;10749738,28;5736521,2;8858,0;Filantropia;Médio;Individual
2021;410292;2021Q3;9397205,35;6489620,38;8847,0;Filantropia;Médio;Individual
2021;410292;2021Q4;10435831,95;7176734,32;8811,0;Filantropia;Médio;Individual
2018;413372;2018Q1;1442233,33;700118,63;1495,0;Filantropia;Pequeno;Individual
2018;413372;2018Q2;1462708,02;737231,6;1488,0;Filantropia;Pequeno;Individual
2018;413372;2018Q3;1539002,94;949832,07;1466,0;Filantropia;Pequeno;Individual
2018;413372;2018Q4;1614113,21;1120506,43;1470,0;Filantropia;Pequeno;Individual
2019;413372;2019Q1;1585628,38;618449,64;1464,0;Filantropia;Pequeno;Individual
2019;413372;2019Q2;1654176,3;1144302,89;1477,0;Filantropia;Pequeno;Individual
2019;413372;2019Q3;1658847,4;1014625,6;1494,0;Filantropia;Pequeno;Individual
2019;413372;2019Q4;1700576,08;1580320,36;1519,0;Filantropia;Pequeno;Individual
2020;413372;2020Q1;1779524,41;1413222,75;1556,0;Filantropia;Pequeno;Individual
2020;413372;2020Q2;1856312,81;811161,38;1600,0;Filantropia;Pequeno;Individual
2020;413372;2020Q3;1890201,28;901941,86;1683,0;Filantropia;Pequeno;Individual
2020;413372;2020Q4;1890390,88;867031,51;1755,0;Filantropia;Pequeno;Individual
2021;413372;2021Q1;2186719,35;771289,03;1792,0;Filantropia;Pequeno;Individual
2021;413372;2021Q2;2205299,01;1011561,66;1796,0;Filantropia;Pequeno;Individual
2021;413372;2021Q3;2151099,5;1147441,34;1841,0;Filantropia;Pequeno;Individual
2021;413372;2021Q4;2186263,32;1335310,46;1928,0;Filantropia;Pequeno;Individual
2018;419338;2018Q1;408030,62;541609,54;740,0;Filantropia;Pequeno;Individual
2018;419338;2018Q2;406559,03;360656,67;760,0;Filantropia;Pequeno;Individual
2018;419338;2018Q3;417009,12;391054,85;765,0;Filantropia;Pequeno;Individual
2018;419338;2018Q4;453334,07;747107,61;766,0;Filantropia;Pequeno;Individual
2019;419338;2019Q1;442470,02;641035,39;744,0;Filantropia;Pequeno;Individual
2019;419338;2019Q2;438682,91;581873,7;736,0;Filantropia;Pequeno;Individual
2019;419338;2019Q3;442182,77;550115,16;709,0;Filantropia;Pequeno;Individual
2019;419338;2019Q4;434954,87;383440,67;691,0;Filantropia;Pequeno;Individual
2020;419338;2020Q1;421541,13;319803,77;673,0;Filantropia;Pequeno;Individual
2020;419338;2020Q2;413402,0;232857,99;654,0;Filantropia;Pequeno;Individual
2020;419338;2020Q3;409263,0;212535,41;632,0;Filantropia;Pequeno;Individual
2020;419338;2020Q4;397397,0;396247,58;631,0;Filantropia;Pequeno;Individual
2021;419338;2021Q1;420507,61;299752,14;613,0;Filantropia;Pequeno;Individual
2021;419338;2021Q2;407400,16;231795,81;595,0;Filantropia;Pequeno;Individual
2021;419338;2021Q3;383914,58;274329,36;567,0;Filantropia;Pequeno;Individual
2018;420930;2018Q3;5190,38;0,0;5,0;Filantropia;Pequeno;Individual
2018;420930;2018Q4;25522,46;0,0;12,0;Filantropia;Pequeno;Individual
2019;420930;2019Q1;28218,42;0,0;21,0;Filantropia;Pequeno;Individual
2019;420930;2019Q2;44513,1;0,0;35,0;Filantropia;Pequeno;Individual
2019;420930;2019Q3;60014,69;0,0;57,0;Filantropia;Pequeno;Individual
2019;420930;2019Q4;90963,89;0,0;65,0;Filantropia;Pequeno;Individual
2020;420930;2020Q1;68749,61;47594,92;73,0;Filantropia;Pequeno;Individual
2020;420930;2020Q2;80887,93;8345,72;69,0;Filantropia;Pequeno;Individual
2020;420930;2020Q3;74983,42;21948,36;71,0;Filantropia;Pequeno;Individual
2020;420930;2020Q4;79315,88;39611,55;74,0;Filantropia;Pequeno;Individual
2021;420930;2021Q1;82143,17;23503,25;80,0;Filantropia;Pequeno;Individual
2021;420930;2021Q2;87233,31;148588,09;101,0;Filantropia;Pequeno;Individual
2021;420930;2021Q3;95118,49;41667,3;118,0;Filantropia;Pequeno;Individual
2021;420930;2021Q4;119772,24;57124,44;181,0;Filantropia;Pequeno;Individual
2019;421189;2019Q3;4495,56;0,0;7,0;Filantropia;Pequeno;Individual
2019;421189;2019Q4;15108,05;1226,0;18,0;Filantropia;Pequeno;Individual
2020;421189;2020Q1;32653,32;2094,02;37,0;Filantropia;Pequeno;Individual
2020;421189;2020Q2;49990,33;6187,87;43,0;Filantropia;Pequeno;Individual
2020;421189;2020Q3;61749,54;18136,13;54,0;Filantropia;Pequeno;Individual
2020;421189;2020Q4;73087,29;16435,84;70,0;Filantropia;Pequeno;Individual
2021;421189;2021Q1;88098,96;23675,88;82,0;Filantropia;Pequeno;Individual
2021;421189;2021Q2;107349,09;44059,91;92,0;Filantropia;Pequeno;Individual
2021;421189;2021Q3;116112,13;17118,28;96,0;Filantropia;Pequeno;Individual
2021;421189;2021Q4;112072,03;19326,16;97,0;Filantropia;Pequeno;Individual
